{"slope": 1.0817880716301425, "offset": -0.25080693690617295}